label,comp-1,comp-2
5,-29.39957,7.9796624
0,-49.883636,-27.822533
4,-14.603792,53.647415
1,45.49792,0.99577224
7,0.52617365,37.09362
2,3.4418266,-16.042461
1,30.977194,-36.30611
3,-18.176388,6.0614324
1,30.858381,-30.96594
4,8.382852,22.004742
3,-22.365826,-8.871926
5,-15.235454,25.445732
3,-31.076332,-0.93194854
6,-6.60938,-56.55831
1,33.262524,-32.058754
7,35.409237,29.33326
2,11.752525,-23.97769
6,10.840457,3.3249714
6,-11.134854,-40.538704
7,20.534582,22.514288
4,-19.08883,53.043022
0,-51.094616,-28.496878
7,18.512497,23.003096
1,45.810555,0.9924645
1,27.418127,-20.290182
2,1.647419,-10.442634
4,-2.597205,34.59763
3,-35.333458,0.069419205
2,40.877094,23.090242
7,31.440462,16.733624
3,26.61575,6.3877707
6,13.249716,3.706908
6,-11.304767,-47.739944
7,21.902483,21.51291
0,-42.289024,-30.149174
5,-16.130253,22.07244
6,-5.1969137,-46.192574
0,-43.136395,-30.474386
7,21.292336,50.259716
6,-9.45405,-51.984413
1,34.779526,-21.52905
6,3.1977956,3.3976874
7,22.296146,43.143772
7,17.57095,25.955708
3,-20.31817,0.85046047
7,17.51325,35.776592
6,-4.101565,8.171804
5,-20.807661,22.236502
7,-16.652306,-0.79775804
3,-20.164223,-12.084388
3,-27.676853,-11.978615
0,-52.316204,-21.665419
7,34.21907,47.202892
4,36.65283,-1.4775015
7,15.218542,48.061096
6,6.9603467,7.727457
0,-57.12223,-14.2364645
7,21.567104,28.425192
4,-5.1256824,51.960487
1,46.083065,-2.8944993
4,-22.221928,53.967815
4,45.194798,8.110621
6,-2.6710668,-50.58992
0,-51.637928,-26.614204
4,2.336205,58.58064
5,-16.081553,25.632717
6,-1.6617271,-54.09824
1,38.61645,-13.893693
0,-61.016083,-15.599859
0,-42.54388,-23.237713
1,37.131393,-29.647573
7,32.611477,18.114225
1,35.636795,-30.603426
6,-4.2386484,-55.126266
3,-22.102839,-3.4672477
0,-44.95236,-27.777025
2,21.615036,-16.48586
1,43.540607,-8.710543
1,42.061874,-5.808775
7,31.774137,17.591366
7,-38.013393,-14.81087
0,-44.509434,-27.797121
2,8.776418,-28.200851
6,-5.506609,-56.26001
7,27.363333,45.72318
6,4.3981986,1.7234195
3,-35.034218,3.4470587
7,23.802094,30.810593
0,-54.835117,-15.304784
4,11.436817,21.995659
6,-11.242186,-54.810925
7,39.439945,34.049007
4,-11.571204,48.939445
6,-4.187411,-55.053436
6,7.3083663,9.713681
0,-43.05119,-26.030132
7,24.372765,41.413624
6,6.2224417,4.6937222
3,-22.439999,-3.1852784
1,37.718605,-3.8175063
5,24.823385,-37.784443
7,41.042393,36.426884
1,34.364132,-29.949944
7,33.1786,38.57139
1,29.91453,-34.419395
1,45.16074,-10.910618
6,-12.289138,-42.829227
3,-17.23706,-12.343975
0,-60.78419,-15.517612
2,22.232021,-12.376311
7,-14.062206,44.93053
3,-19.360138,7.2073617
1,32.604084,-22.625834
1,47.40335,-7.19733
0,-58.331257,-20.504807
4,12.661412,23.69769
7,2.9916742,40.57743
2,15.836148,-11.466428
0,-48.403683,-20.508253
0,-52.39982,-30.721752
2,36.228214,41.89331
0,-55.56629,-17.384892
2,14.458429,-17.18862
7,36.279045,27.566534
1,33.98613,-17.235703
6,2.9991636,3.3350816
6,-13.849489,-41.584827
4,8.382833,21.15454
1,38.193817,-24.180134
6,-1.6692199,-52.066887
3,-24.413313,-1.986708
4,10.346899,24.190514
5,29.204678,-25.736074
7,13.67179,30.239283
1,-11.041221,12.036231
3,-16.18012,-13.874391
3,-21.162472,-1.3739899
6,33.88674,-3.660768
5,-26.936552,-18.514765
4,7.6982384,30.453262
7,27.227024,-2.0818646
7,31.40666,17.082912
4,1.8905572,48.451714
2,17.60203,-10.060663
6,-11.20429,1.1330491
5,-17.867018,25.08366
6,8.356901,1.4646484
6,-8.325759,-47.98553
7,10.568428,30.804388
3,-28.772532,-0.78119236
4,36.92595,-21.914948
6,-8.35318,-54.441097
1,35.742523,-17.027664
7,18.955935,24.649057
7,25.910547,52.90968
6,-3.5030077,-55.582245
0,-58.627483,-25.286327
3,-16.661123,-12.702067
7,-21.72339,46.772156
2,16.338749,-10.2117405
6,-5.8642573,-5.162644
2,1.6265597,-10.414228
7,-0.8707222,39.823082
4,45.43083,8.38096
4,-18.2338,54.54003
6,-2.7648528,-53.994
4,7.540941,31.46027
7,22.730894,30.752832
7,35.654327,6.0392456
0,-42.862476,-25.984371
7,-2.9210892,40.904472
2,16.14636,-10.418268
7,26.022326,52.850075
5,-15.027406,25.14047
1,33.408028,-20.481514
5,-16.496239,24.251944
7,-6.113124,36.66431
1,40.42209,-7.2497587
2,-3.0328426,-29.428612
3,-18.653965,7.164914
2,27.879772,-15.175993
3,-17.923685,8.99322
5,-33.10463,-14.276354
7,18.426086,34.92803
1,32.0576,-33.895943
7,39.225647,34.30629
6,-18.6685,-47.435528
2,15.351991,-12.0738535
6,-6.751685,7.0542507
2,17.620455,-10.598766
2,18.344297,-16.41214
5,-17.479113,25.11455
0,-47.403603,-24.077505
7,39.43965,33.946968
4,-8.294758,51.152176
7,22.80309,25.050663
7,32.063896,53.821293
6,10.739568,1.7491113
3,-19.081848,-2.3781736
2,17.44154,-9.441959
1,32.138214,-35.437195
1,45.932697,1.0827549
6,12.548294,1.3591113
3,-18.1454,8.891568
6,-8.577888,-47.21215
1,48.510593,-5.078309
0,-55.328114,-19.038324
3,-16.26407,10.648083
1,38.596275,-19.37986
0,-57.051662,-16.602558
0,-45.179157,-17.269785
1,38.95506,-18.448652
7,28.70974,-27.287706
2,8.128282,-20.998924
7,30.926275,49.644367
3,-18.092186,-12.904155
0,-41.84474,-20.344809
4,6.423245,34.632076
6,-14.942535,-49.047024
5,-16.539534,16.210249
2,5.940423,-12.600519
6,-15.064817,-55.755672
4,-19.345974,54.553864
7,35.849773,35.052185
1,22.950329,37.614857
6,6.639986,-1.0076615
7,-7.2330647,40.424282
7,15.650493,31.58434
3,-18.399921,1.5512911
0,-58.22337,-14.974635
7,32.726837,29.767277
1,38.25621,-16.603802
0,-13.524325,-33.51916
2,3.8698225,-22.825768
0,-41.732437,-15.914109
3,-17.485271,-13.512998
5,-22.608763,20.992203
4,1.2380738,50.8907
6,-15.890482,-51.18685
5,-16.681639,17.395142
6,25.673439,-29.560867
6,-19.404945,-54.114388
3,-26.69842,-7.724313
7,34.539207,36.78522
5,-40.415977,-3.4443686
6,7.250924,2.6097758
0,-51.318962,-13.580037
7,15.483213,31.628029
1,30.27749,-36.59153
0,-59.18031,-15.817475
3,26.641212,7.074471
1,39.420364,-18.94756
2,20.032913,-19.290031
2,1.8463864,-25.229456
3,-33.660892,-10.222122
3,-16.439379,-14.219985
6,5.9192977,-44.21155
4,8.563846,34.127384
7,26.1861,37.939346
5,-15.069255,17.84696
0,-62.337402,-20.420498
6,-8.973489,-55.754204
2,27.350262,-20.247099
7,35.352467,35.775776
7,-15.600182,47.849644
6,6.2986445,2.3337195
5,-13.780302,-0.33977208
7,14.95084,32.64302
2,26.68646,8.621224
1,39.968925,-13.29074
1,34.15223,-16.61959
4,6.6457586,32.984768
4,5.7852716,51.869194
5,-16.682383,17.458035
6,3.6070344,-47.28388
4,7.7798166,34.951843
1,32.786163,-19.025085
2,2.791067,-25.349817
5,-26.729942,-17.286411
3,-17.189829,5.6222525
7,13.239374,32.80427
3,-15.282383,-12.664185
7,-19.76909,45.87303
0,-55.982666,-16.72798
5,-35.84663,-3.6261227
7,15.354462,31.718813
6,-6.1889815,-48.91772
5,-14.289975,19.49389
7,26.346376,45.492252
4,6.946443,33.379242
1,36.927338,-11.924465
3,-17.476591,-14.64881
4,-0.04319893,27.183584
0,-50.73706,-20.635572
4,-21.345245,54.08443
6,9.878604,0.78292745
0,-48.401474,-16.822918
4,8.779744,34.172863
3,-31.313873,-0.4306492
6,-15.113735,-55.88382
6,3.5144615,6.429909
7,35.01047,34.511997
6,-0.045601238,-52.50462
0,-49.403385,-25.512297
7,-7.7438436,36.960922
7,33.92632,29.22544
5,-55.994736,-8.842684
7,28.171568,34.320854
2,1.6806157,-22.295464
1,42.25616,-10.788756
1,32.57728,-21.789297
6,-9.731046,-55.925533
6,-4.3879714,3.005047
7,16.659563,32.041847
4,-7.63278,54.0616
1,43.067364,-4.294264
5,-35.887844,-3.5599034
2,2.5486293,-24.159641
2,50.915333,-5.0950184
7,20.51183,27.560081
0,-43.00753,-24.635729
3,-17.579384,-13.7271805
7,-11.183381,52.04904
6,-18.771912,-53.944557
7,24.648766,43.55682
2,2.3300297,-23.207754
0,-47.385273,-23.0328
3,-17.15555,-15.017333
5,-29.879923,15.012648
4,8.786238,34.737106
3,-28.148035,-11.492894
6,-8.843784,-53.979008
5,-31.9997,10.267801
6,-2.5756915,2.9065545
7,-6.8632073,48.02353
5,-14.792987,18.421305
4,-0.49833098,35.1357
7,36.082417,33.774002
4,0.9888482,49.052986
2,2.8860373,-22.836353
7,-9.3971195,34.881283
3,-15.5116825,-12.75887
4,-0.48588607,32.781246
6,10.202688,0.9195357
7,-3.8077676,43.1188
1,43.190205,-4.0724506
7,15.822439,28.553757
2,2.3952951,-25.27315
6,0.812767,4.990508
7,35.612373,37.21393
7,0.095875345,41.32858
1,43.39283,-3.077871
6,-37.908367,-7.653698
7,29.21332,33.927
4,-3.837095,35.57979
1,46.85887,-5.7248034
3,-23.025026,-2.050315
1,42.66304,-5.256531
1,31.095665,-34.261845
0,-53.153633,-22.819914
2,22.689396,-17.124376
3,-17.078238,5.8422775
7,0.83595484,39.685715
4,6.836161,29.014803
7,4.71046,36.664486
2,5.8265524,-23.910734
1,35.879856,-30.591124
6,-10.15243,-56.28121
6,9.074033,-2.618932
4,3.617881,46.395306
7,28.801365,-6.514522
7,35.521572,44.585148
4,-2.1775777,35.327587
4,7.461979,29.612406
7,-6.2445555,42.71732
2,2.5796535,-22.860126
5,-14.133982,0.924645
7,36.60794,33.83425
2,13.786351,-18.36726
4,7.4538355,29.320265
4,-15.948241,56.439053
2,4.398698,-22.62743
1,37.412754,-27.848629
7,19.564865,31.708408
7,18.462008,49.81961
2,2.6770885,-22.094578
6,-36.66712,-3.6390119
7,30.573988,32.909634
6,-3.531451,-39.31297
7,19.768837,28.417303
2,11.274511,-11.105735
2,-4.731355,-21.276522
3,-27.229773,-3.0631661
6,10.930787,4.329271
1,27.6467,-36.62572
6,-9.196787,-56.100624
5,-10.412466,-39.312508
1,46.802494,-4.824852
1,31.29424,-28.96744
0,-55.720413,-31.558662
2,18.237402,-24.417486
6,-2.107339,-47.256283
4,3.4721136,46.44225
5,-15.548063,16.953321
6,-29.241425,-2.6462586
3,-15.3833275,-12.685646
1,28.968931,-36.383793
5,-15.776348,17.050571
1,33.40493,-21.21468
7,20.695848,27.664175
2,17.641157,-18.961151
7,33.966698,29.305634
4,0.39531147,30.908037
4,8.864317,33.550186
4,5.0655303,-40.561047
6,12.26396,6.9891405
1,41.5215,-6.668561
5,-14.107663,23.411966
6,-12.773849,24.436174
7,19.870213,29.797905
5,15.757049,28.271595
6,-7.9096174,-55.1067
7,22.904541,42.136654
7,20.343376,27.050169
7,-16.589567,43.88563
3,-16.549458,11.466096
7,36.35112,50.66662
0,-56.051125,-31.807783
7,-7.344711,41.08038
0,-56.184994,-16.997793
6,-11.63479,-40.915226
6,-9.656669,-53.18456
2,11.009478,-29.536858
3,-18.724663,-15.262215
7,-14.575869,49.738857
0,-56.760384,-18.09699
7,-9.067136,34.359985
5,-14.067211,19.73392
4,-8.563062,49.693058
6,12.654316,4.4948144
0,-56.287624,-13.620779
7,15.653216,29.494139
4,0.15444219,48.51488
1,46.097477,-4.8108473
2,28.326092,-35.006653
6,6.0870724,2.4613857
7,-10.667809,58.813637
1,46.97248,-5.194704
2,3.6052232,-20.29515
6,-8.26301,-55.573864
1,35.583344,-23.330488
0,-42.354115,-25.230947
3,-30.836721,-9.7227955
0,-56.911945,-27.53964
1,31.518593,-23.984558
1,40.22632,-4.824025
6,4.807573,7.7340407
2,-2.3678994,-24.495354
0,-54.939632,-15.805919
3,-23.904163,6.120441
7,-8.559542,46.212715
4,4.144138,54.81917
0,-58.855476,-21.49303
5,-15.619187,24.153524
0,-59.823486,-13.980552
6,-4.248939,-58.44325
1,35.64507,-8.152118
7,39.46739,25.295425
7,-23.865414,45.143818
6,10.837087,10.411617
1,26.329567,-36.93169
7,23.5608,24.423805
2,33.07904,-14.775945
0,-55.047817,-29.62985
5,-28.64696,17.868282
1,48.568825,-1.0646538
2,19.085384,-5.8597393
2,-2.232894,-24.986143
7,20.295103,44.268265
3,-27.334766,0.30454007
5,-32.168865,17.143642
4,10.652156,20.267057
7,3.240655,34.37911
7,39.33737,24.992426
1,31.834337,-27.94392
6,13.857224,6.5838323
3,-31.691416,0.606031
7,26.831247,17.83367
6,-22.725147,-48.64258
0,-59.5652,-25.944798
3,-29.664059,-6.2864027
1,51.021812,4.2923336
1,41.833675,-8.25315
2,-1.631673,-22.04018
6,-57.568024,-11.794553
3,-30.499279,-8.909939
5,-28.91053,-20.223618
7,28.314459,18.11885
6,-8.056111,-44.934875
6,7.7401466,1.7575605
3,25.752035,39.497765
7,27.17514,17.787735
5,-14.907434,1.3245878
6,13.393963,5.245849
5,-31.63715,-7.536796
7,36.953632,34.911007
6,-28.287426,47.36646
1,48.109215,-1.0335574
1,46.524807,2.1590261
3,-13.634372,7.87084
1,38.732887,-11.009383
7,28.848343,16.598284
5,-34.29683,19.368275
5,-16.766396,24.112682
5,-27.569584,-13.981278
2,-1.0282395,-21.406126
5,-37.67376,11.8901005
6,1.8137474,2.567291
7,26.657314,8.095523
0,-53.30194,-33.435497
7,-2.3943179,42.82373
7,39.420864,32.995926
7,33.749886,43.544815
5,-15.160588,24.19667
0,-53.150463,-16.33851
7,24.72351,19.861479
0,-57.70175,-15.620692
0,-3.6655464,-11.969694
6,-4.408208,-45.531925
7,25.907274,18.308077
2,20.611189,-7.4768763
4,9.543678,19.35034
6,-10.5296,3.666821
1,50.965275,4.6214814
6,-20.278208,-49.44674
1,50.139427,3.8737776
6,-18.012491,-50.024567
5,-15.763191,20.190285
1,39.27997,-10.902912
6,-0.20917495,3.3075802
3,-8.392157,-7.925239
4,11.151028,23.391136
0,-42.10607,-27.835257
5,-19.555353,19.901632
5,-31.421688,-7.9857593
6,4.850004,4.123658
3,-20.358675,-7.0871744
6,4.4567437,-55.971893
2,7.773029,-28.765556
3,-15.958549,-9.535305
7,-2.563832,42.590958
2,-2.8221397,-25.422136
1,34.87972,-23.539644
1,48.279564,-2.28334
5,-40.23793,-3.6915488
2,-2.3917,-24.448633
1,38.41916,-24.505976
3,-15.964238,-9.650976
2,24.609375,-11.732053
6,12.834557,1.5395565
7,31.509882,-0.49702236
3,-15.697786,-9.656163
7,32.491875,50.407356
2,-2.7891085,-24.195665
4,1.2840905,50.37174
6,-4.1743608,-56.66811
7,-1.1391423,39.751717
7,34.32347,24.293716
2,10.415465,-25.933437
4,9.368364,23.363352
2,22.78773,-6.642893
6,5.702403,4.1137857
1,33.069725,-23.96698
1,45.475777,-0.6141516
3,-8.87245,-9.106704
6,10.996897,1.9764992
4,-9.332225,38.157738
0,-53.25391,-32.965687
6,-13.62551,-38.88661
5,-20.712915,23.665167
7,-2.5399952,40.929993
3,-15.847002,-10.331698
0,-41.930645,-20.341188
7,26.411823,17.642529
2,-12.010424,-32.827404
4,11.639817,20.960379
7,29.018438,1.5491991
1,50.84378,2.4179876
2,34.442272,-6.5706415
7,24.409426,21.449032
4,0.04930877,32.6088
2,-4.7019777,-24.648094
6,-19.671041,-48.419582
1,48.79816,1.1834105
6,-7.0541763,0.35876858
7,24.33443,19.140797
0,-57.646866,-12.091784
6,2.5297406,-55.191605
6,-6.3818703,-60.66799
7,32.945538,24.272293
7,0.95014495,32.165833
7,26.611555,19.001415
6,-11.769756,-3.2162664
0,-48.140472,-33.668285
1,32.216816,-18.242216
4,9.126093,18.813776
4,-19.473135,52.713306
6,2.7800307,-55.364937
7,-11.804086,56.88523
1,45.336533,1.5909841
5,-27.434866,29.990162
7,47.80114,-1.1022526
0,-46.186207,-19.824697
3,-21.993958,7.605861
5,-13.163843,21.983057
6,8.889679,9.121542
4,-9.262586,50.593445
7,33.461273,24.711199
1,31.96968,-32.15678
2,-1.6099391,-22.481619
5,-39.60903,-4.601901
7,21.47017,26.774641
5,-43.074337,-7.1132574
6,2.5138369,-56.614685
7,29.178097,37.88329
5,-27.807444,12.605285
7,15.252099,40.438683
6,5.2099805,38.590332
6,-11.514156,2.5262868
3,-21.524927,8.105034
6,-5.3734803,-40.748505
7,26.906898,18.748016
7,36.695847,48.993954
0,-47.310963,-33.887054
7,28.861044,-4.024289
5,3.0980806,-16.023787
7,26.830952,36.85091
1,50.61697,0.9641635
1,30.41661,-29.905737
0,-49.903404,-28.184835
7,35.18755,52.44961
7,26.031324,17.125786
2,5.9271975,-22.83615
3,-22.022919,-11.656769
7,39.693153,-9.4265785
3,-21.970781,7.5462427
2,11.315305,-13.094814
4,9.409026,19.065088
1,37.432144,-13.881829
6,1.5639105,-55.073048
2,29.030684,-10.471394
7,34.539253,24.891436
5,-28.446625,9.666818
5,-19.961597,19.475191
7,25.593552,42.366688
4,11.220716,21.796425
0,-42.026012,-28.43894
2,-1.4726808,-23.129509
6,-21.966452,-53.677822
3,-13.71271,7.731409
6,-9.028211,-41.945633
4,43.573822,9.68536
0,-46.66433,-22.226004
4,10.247952,20.962294
2,26.713993,8.998852
6,2.7873726,-57.26811
0,-40.07383,-26.609682
0,-3.7500403,-11.831889
0,-43.86333,-19.053019
0,-50.048622,-29.375761
3,-56.55447,-9.453708
1,43.86741,0.17961627
6,-2.419604,-50.902954
2,3.387661,-20.671644
2,33.429234,-14.686004
3,-22.45197,-13.004015
1,36.775154,-19.22705
4,8.409806,56.330574
1,31.478765,-25.979797
5,-28.808329,-20.911528
4,10.236725,33.41238
6,-8.269091,-58.35905
4,-13.474931,46.61814
7,33.361736,27.81937
2,9.38315,-26.714518
6,11.460089,2.8588047
7,31.239168,52.61236
7,12.166692,39.775764
2,27.708672,-12.000425
0,-50.294407,-29.505201
5,-20.17498,-33.1717
1,43.730316,0.008901939
4,-8.075725,52.729977
2,15.95618,-5.862014
6,-8.395561,-2.5517983
3,-18.200867,-14.428195
2,8.63134,-13.617864
4,8.0597925,56.431095
1,45.144154,-9.8508625
5,-30.015808,-20.210466
4,10.260352,33.349804
6,-8.245054,-58.40534
0,-48.447784,-16.670372
7,37.083767,33.962612
7,-4.832291,21.87107
6,12.993294,3.7360272
4,-15.854192,50.737648
7,19.018919,31.190163
6,-9.763353,-0.8398777
0,-52.58004,-28.67947
1,35.037476,-27.776539
1,45.994118,2.5003345
0,-43.64018,-32.93735
2,3.1983013,-20.959227
2,18.25375,-16.436804
3,-19.035358,-14.001214
2,5.330074,-21.402702
4,5.868565,55.956722
4,-10.080822,38.54914
5,-42.217457,-6.683213
6,28.14941,-30.87297
6,-2.658708,-58.674583
5,-35.89653,13.15903
7,34.516678,25.931349
7,30.795805,48.547318
6,12.103702,2.99773
6,-10.62994,3.438651
7,12.87447,39.837154
7,30.802656,0.013212508
4,8.111085,56.43331
7,24.686039,43.8122
3,-18.799358,-14.325563
2,13.4704,-15.907005
0,-50.01041,-30.702225
6,-7.280942,5.8218145
6,-2.5646155,-58.232254
6,-11.848909,2.004176
6,0.8979208,-56.71072
1,28.92752,-33.45909
6,-4.800287,-57.76591
6,-25.25696,9.154522
7,12.460237,39.614193
4,9.081743,53.283463
0,-51.5132,-30.815054
7,-0.9314312,34.24319
0,-49.87297,-33.810936
4,0.14059378,27.625605
1,47.79279,0.05175263
5,-20.554552,-3.504298
4,26.309664,26.764833
7,24.5644,49.237377
5,-28.606836,-22.161745
3,-28.52813,-2.9349434
7,34.495094,26.118784
4,0.5550696,30.834923
7,21.636215,31.30547
6,-1.131854,10.804812
5,-27.915598,-22.620995
6,-4.032837,6.236518
6,-3.5525844,-59.48903
3,-33.19334,2.1773431
6,7.228542,3.7944427
6,-18.934286,-48.936363
7,11.182607,40.92827
7,-18.241474,49.82042
1,46.460796,-8.459989
6,-1.644892,6.055032
3,-22.867249,-14.215736
5,-35.23635,-12.076827
6,8.847314,4.3433256
6,-29.121565,46.672714
5,-29.484234,-22.632534
7,13.3063345,43.563057
7,33.829056,35.915733
2,2.7404954,-27.037817
5,-13.328927,18.877884
0,-36.370987,-28.048813
6,6.5855536,3.6228707
5,-8.978313,33.675076
1,48.572723,-4.9205856
1,32.99905,-33.282867
0,-51.475086,-30.824049
7,5.391368,40.969418
1,48.626812,-5.3390408
6,4.5599594,-7.3265653
6,-1.7579281,-57.739887
7,-7.6372275,36.884693
0,-53.718407,-28.446152
7,3.1577575,-40.358147
3,-22.40663,-14.2438545
0,-50.435368,-15.536044
6,7.8297553,4.1378183
6,-14.125083,-4.3429046
7,13.056631,40.323833
6,0.97972155,-50.651108
7,31.5184,26.395397
6,2.233627,-3.155141
4,8.9683,26.550434
7,26.53821,46.185955
5,-29.144487,-21.719797
7,0.8002096,42.004402
2,16.713768,-5.1676598
6,-10.73255,-51.37866
7,31.74826,26.102972
4,-17.28229,55.660202
5,-29.265486,-21.592918
7,0.9834115,41.490532
2,16.801275,-5.519481
3,-18.52687,-0.15348953
1,45.507336,-8.651402
6,-14.563982,-46.572475
3,-19.371443,-14.786973
7,-4.115057,41.590294
2,15.689439,-6.010329
2,13.156876,-15.993858
5,-28.369263,-20.193844
6,-8.032251,-51.296352
6,9.860696,2.5479398
0,-47.684166,-22.108004
7,32.9895,36.481857
7,-12.799651,56.414078
1,49.102947,3.3941898
7,17.656248,25.425194
6,7.623648,4.7110443
7,22.224178,47.529682
0,-49.983433,-34.826817
7,-20.264826,51.14982
7,20.380604,28.266266
4,-23.457987,53.839447
6,1.3783281,-55.873898
2,20.777838,-17.857428
6,6.4833894,2.4180417
5,-28.416847,-15.95825
1,46.19784,-8.61114
4,6.0156517,34.23978
1,47.343063,-7.272963
5,-20.170952,-33.180573
5,-28.875517,-20.935368
1,34.576675,-20.596188
7,32.220974,28.501696
3,-24.068485,-5.061466
6,-2.5143967,-58.77781
4,-10.11364,49.399006
3,-15.961058,-15.576934
2,-39.687954,-28.525412
5,-29.340628,-21.637009
6,-15.1286545,-40.793118
4,5.6284995,55.66433
4,-17.017519,51.767204
0,-46.68886,-31.356949
4,-9.765539,-54.458668
4,7.326794,56.2571
6,-1.8862175,-45.168465
7,33.336082,29.014402
2,30.856228,39.81049
4,7.6010766,56.351517
3,-21.04657,-5.4167647
3,-20.46397,-15.715364
6,6.928865,11.160535
0,-51.638615,-32.775948
0,-48.670948,-29.03814
3,-19.808659,-14.535759
2,17.50156,-21.63164
2,17.4112,-5.5617967
7,30.280975,-3.3953981
6,9.2156725,3.8792396
2,40.939236,22.913723
3,-19.038733,-14.555744
7,28.4088,40.073082
0,-46.457035,-32.18971
1,30.029802,-37.490456
1,46.80841,-4.163121
0,-57.838303,-12.358143
2,4.07402,-27.36883
3,-29.4624,-5.014553
3,-31.491749,2.1235528
6,-8.421258,-2.5902386
4,-3.904792,54.17236
3,-8.875392,-8.242978
5,-13.532252,25.813156
7,33.019753,30.980429
6,-4.6727343,-55.74725
4,-22.651033,54.845894
7,36.72166,47.229156
7,33.706467,-6.5457125
6,8.618921,5.6189575
5,-36.609608,-6.096386
7,13.230483,43.83583
7,23.029934,39.887924
0,-47.192055,-35.650627
3,-24.442375,-7.88147
1,46.701385,-4.4854703
6,33.156162,-29.558884
2,-4.7383037,-24.658882
4,4.2308226,26.496822
3,-36.88186,-0.52723706
4,15.318678,20.713324
4,8.655877,53.05672
7,24.658094,43.346714
5,-13.515941,21.851635
7,0.5732116,32.10743
6,-3.5310464,-57.697647
7,-50.513577,-25.999714
0,-47.037197,-35.43648
7,28.59809,48.132618
1,47.56534,0.6095453
4,-10.417416,44.95745
2,-1.847763,-25.576746
7,34.904827,52.6295
3,-36.557423,-0.6585709
6,-17.111246,-42.17732
7,35.809452,25.89533
5,-27.123629,13.784853
6,16.070993,8.798005
4,-8.336302,51.859386
5,-14.319583,23.840796
5,-11.031465,-44.98071
2,-3.4544852,-20.542004
7,37.63998,6.151319
1,48.33291,-3.935966
1,41.641983,-18.547266
5,-14.415562,24.118696
6,-3.2430406,-40.260548
6,9.106125,6.553344
5,-35.91525,-4.8327913
6,7.983998,6.77427
4,-17.742163,52.91387
0,-46.98505,-31.15247
7,35.10336,38.338627
7,13.292331,45.587383
7,13.763095,41.080986
2,-3.2824388,-21.814278
7,-13.754647,44.97956
7,35.765583,18.663229
7,36.140404,42.923477
6,17.943136,7.2033343
7,22.272646,46.338543
4,11.359939,20.843153
2,11.37522,-13.045775
6,4.6492867,-51.62637
7,-7.544945,46.288345
1,50.139973,-2.5237298
7,39.241898,35.206356
0,5.5921063,-38.472736
6,-14.96638,-57.069622
4,8.208294,30.19382
2,7.776613,-6.7813897
5,-13.369392,25.981735
7,37.603504,6.14591
0,-51.02088,-32.517704
7,28.466843,43.062847
1,49.00781,0.58840305
0,-40.515495,-23.409294
3,-22.380342,4.9161983
7,31.541798,31.443605
6,2.905328,-52.76697
5,-24.92546,-21.27708
0,-46.08105,-32.980663
6,-11.237278,-43.11496
1,49.29663,-6.563861
5,-33.654865,13.561742
1,49.832447,-3.4160287
7,32.666553,41.38346
6,10.725592,3.1349933
5,-19.913403,18.667154
0,-48.44009,-32.72143
3,-19.336905,-47.038013
4,8.722666,53.116123
7,2.9364388,31.112375
7,36.41083,39.150196
5,-36.634254,-8.692476
7,33.11034,17.283733
6,-2.6335983,10.933559
6,2.4826124,-53.2806
7,-15.924969,42.215908
3,-28.876476,-7.6349316
6,-2.3514402,7.1654286
6,4.204225,-51.853645
1,30.428244,-33.96344
0,-46.276993,-33.28365
7,2.1372225,34.986618
7,37.21183,26.173252
1,29.441336,-24.329845
3,-22.242271,5.054143
0,-58.179188,-13.932958
5,-15.051902,22.986267
6,-20.684053,-54.49686
4,13.107492,23.013168
4,-0.8738245,51.90047
2,-3.2169497,-22.700764
4,-18.024933,52.373833
4,9.326661,56.391716
3,-28.36865,-9.71292
1,50.1204,-2.6638093
7,34.621567,47.37835
7,27.43499,27.095924
6,-6.9993544,-43.81366
0,-47.155415,-35.01946
3,-27.974075,-12.095354
6,4.323917,-51.719135
0,-40.53842,-23.398212
7,35.368114,22.647928
1,29.716301,-28.179487
1,51.197372,1.5489446
4,-9.268842,39.403774
7,21.490839,32.47303
4,-5.606021,48.424088
3,-23.18146,6.2440186
4,4.9672227,52.04373
6,18.48719,7.9247
2,4.9508634,-28.614988
2,-3.208039,-21.780212
1,37.166466,-16.380747
6,16.020308,8.580112
7,27.910236,52.879807
0,-48.875862,-37.053596
6,-25.016783,8.979779
1,50.72943,-3.1249628
0,-44.634758,-19.900723
7,41.602127,36.59435
6,-4.7298436,-43.3636
3,-30.82604,-18.656258
7,26.583868,38.85893
7,35.775116,18.642216
5,-18.090733,47.12487
6,10.098285,-0.016195735
6,-2.98842,7.268081
7,18.760595,24.279867
0,-59.96428,-15.988963
0,-48.876102,-37.042774
4,2.9866245,-58.368275
1,38.619267,-1.3974483
5,-20.882727,-9.605264
2,21.022638,6.3192544
2,11.113655,-29.878054
3,23.382519,15.500831
7,25.53044,19.57126
4,7.864259,22.800262
7,-10.805864,54.04517
5,-18.054714,17.089918
0,-55.23702,-18.929083
6,1.5978826,-53.707993
7,22.367224,46.722286
7,39.456203,33.019558
1,33.99531,-10.187248
6,-18.0601,-17.753115
0,-45.28556,-16.254364
2,35.76397,5.5709424
2,13.289187,-26.645552
0,-53.43519,-27.021975
4,-4.318245,47.083828
1,46.702003,-0.4908999
1,35.2346,-28.468143
2,20.996914,6.376178
7,36.054348,46.35488
3,-15.791147,15.229171
7,-0.15601769,38.121986
7,30.84514,16.718813
2,-12.577863,-4.957754
6,9.765467,-1.0784053
1,32.750267,-22.835114
7,22.97571,27.288406
5,-29.727858,13.576499
6,5.044804,11.273698
6,-11.670812,1.15017
1,39.53409,-10.893132
7,25.331665,18.602772
6,-0.26844716,0.3416884
3,-22.980782,-5.0564733
1,50.260147,3.3763235
6,4.3524384,-44.21601
5,-18.295166,17.129366
7,28.59053,46.583656
4,8.084472,22.841042
2,8.047548,-13.188911
7,-7.693626,26.83645
0,-42.67161,-21.373747
3,-18.429487,10.442821
0,-53.84875,-18.35498
4,40.48955,-12.358203
1,36.701393,-3.2051759
1,37.704247,-3.7070994
7,32.71833,30.460182
7,13.322073,45.764626
1,36.201332,-25.878397
1,48.654488,-2.1621292
6,-9.663423,-0.45919722
5,-27.743456,-23.590284
7,30.849617,0.5971701
5,-13.469258,21.157642
0,-55.336403,-25.750685
6,-2.4377801,-56.02722
6,-7.9708443,-48.713596
0,-53.530113,-27.615643
4,-5.480204,39.399647
1,38.620434,-2.715152
2,15.103961,-7.860508
3,4.732414,-29.336172
4,-3.9844782,38.339893
4,9.7228565,23.674679
6,-3.465125,-41.0228
6,4.116236,4.485034
0,-51.942303,-15.600424
7,12.902176,42.671677
5,-17.524244,-35.635693
6,-2.529429,3.0540638
7,32.280453,-1.2075435
0,-48.986145,-30.566519
3,-32.470844,-0.9715576
5,-14.328741,16.48814
4,-4.897581,39.45658
5,23.232874,1.210737
7,-0.62027687,40.338078
6,2.947216,-52.409363
7,35.03386,45.11446
1,49.738415,-0.57964444
7,-6.1026483,52.822998
6,4.9441676,-47.101017
1,35.713516,-16.108463
3,-16.751862,11.920226
6,27.266459,-27.572567
3,-13.186596,17.231232
7,16.425774,36.844078
1,51.638165,1.8821964
2,-3.0077815,-29.336481
7,35.015472,19.317877
7,36.45203,6.973255
7,-7.711678,26.815819
0,-45.281403,-17.539116
2,1.3367932,-19.584497
3,-23.884825,-1.4652953
1,50.357956,-1.8231865
1,34.72973,-16.616243
4,8.581626,22.422083
2,14.561173,-26.580254
5,-13.763616,18.777882
6,-3.8982964,-46.764366
0,-21.499004,10.6066475
7,22.10277,40.48703
6,0.34627253,-54.263065
2,17.487005,-8.898152
6,-29.867945,-2.6027813
7,0.48254645,37.274918
2,-12.539596,-5.1449194
3,-22.793404,-0.13896127
3,-31.276,-17.914038
6,-12.144647,-41.97036
7,12.2837515,44.35511
1,33.33205,-10.469714
4,-1.7268444,-39.8299
3,-24.704584,-3.8883467
3,-31.38904,-17.809153
0,-48.28243,-19.436686
7,31.921131,17.542772
7,25.112085,36.178047
1,50.830807,0.88313574
7,25.687313,45.20165
7,35.35028,19.05389
3,-32.26663,2.5133173
6,1.6854864,-53.669147
4,-22.746952,50.478043
7,22.666166,30.779366
5,-37.41952,-10.075768
4,9.238673,22.177862
4,-3.8768713,37.021656
2,23.241772,1.2342052
7,22.111952,46.881397
7,21.43456,30.340338
0,-13.455785,-33.007507
7,20.019073,30.3823
6,-5.6445737,-1.2561818
4,8.973939,22.363653
4,-13.336558,48.756283
7,23.016445,27.367308
1,37.18934,-21.088947
2,6.793234,-18.661848
4,-0.97789216,54.940125
7,10.120172,44.380108
3,-8.442591,-11.228238
0,-50.394485,-32.56977
4,6.012071,32.584835
1,45.370438,-11.319407
6,-2.3593004,-43.207752
2,10.677362,-18.551172
6,-4.530498,-52.606464
3,-12.88681,-18.647026
7,29.507717,51.745625
4,0.3954458,53.259563
2,16.049349,-20.44042
6,-10.992042,-56.719215
6,-28.826902,46.892105
7,31.621984,44.09253
1,33.025227,-34.78266
6,0.42080677,12.128579
7,-16.838629,48.24921
0,-43.242107,-31.681631
4,-22.44889,50.339222
1,42.823833,-14.030368
4,-11.849363,46.085285
2,11.252799,-18.794489
1,35.486324,-20.07721
3,0.106886715,8.27833
6,-4.3903117,-52.91388
4,7.5494723,47.901287
6,-9.1370535,-48.146767
7,35.157143,30.892242
5,-38.886257,-5.9816957
6,0.5683441,9.391382
7,32.441334,46.80363
0,-55.587994,-34.25328
5,-33.168846,-12.340011
1,46.900074,-10.550978
4,-11.663614,50.012066
2,17.868246,-13.808593
6,3.2346098,-0.45100883
4,6.20309,57.17738
7,26.645033,51.733723
7,32.73969,34.292492
3,-22.162401,-6.029157
6,-40.13924,-33.107376
4,-4.235797,47.112595
7,10.626857,41.838177
5,-27.1058,-15.935947
6,-1.4730072,11.776418
6,-15.632953,-50.882442
7,30.453806,44.187557
3,-25.339876,0.40691504
4,4.205824,26.426527
6,-1.9970073,-42.823616
7,30.508106,35.430702
1,35.718254,-22.489788
7,30.776918,44.38293
4,-5.086664,45.489033
3,-12.53721,-18.490105
3,-21.426702,-19.475353
7,18.271223,28.517994
6,-5.7905574,-1.0524275
6,0.18207975,5.9649796
1,31.19268,-27.03963
6,14.716364,42.79029
6,-2.7332036,-40.845055
3,-11.908342,-19.035786
1,31.969467,-21.631016
1,40.328903,-23.937864
3,9.503226,44.333744
5,-17.749643,28.419144
2,15.211386,-17.881413
6,-1.1455964,10.118504
4,1.6504302,56.4101
2,16.809078,-14.468021
7,16.022942,29.391008
7,29.45964,43.402534
1,31.795364,-25.690298
4,8.889627,49.14831
6,-7.5057516,0.56370884
2,16.661913,-14.458855
7,-2.107039,38.76829
6,-6.2929225,-46.669804
4,-5.629686,54.350983
1,44.66629,-16.95684
3,24.605927,-10.818609
4,8.713598,49.13894
2,15.897689,-11.688888
5,-22.213253,16.934273
2,10.662784,-27.954237
5,-22.21079,16.987772
6,-15.039618,-54.526707
6,0.4872467,10.910746
0,-40.965828,-27.558868
6,-15.124405,-58.397602
2,30.375317,-15.275191
4,9.270396,48.08373
7,6.6324196,42.69608
4,9.157923,48.585728
7,26.305754,23.930597
4,10.304297,47.907066
5,-55.935265,-8.7499895
1,44.886765,-15.787483
5,-30.081463,-15.279036
6,-2.5985866,10.977939
4,7.8297153,32.273632
7,29.242228,42.41662
7,-16.471466,-0.8509122
5,-16.34227,27.238642
7,18.162277,24.77661
5,-16.484184,27.358559
7,-0.14878696,38.701286
1,44.788574,-16.932812
5,-36.93381,15.882118
6,0.4863992,8.97984
3,-33.15657,4.3426023
7,11.430781,42.405243
7,18.971706,28.085484
1,43.647434,-18.170609
6,3.604913,-4.4630027
3,-13.635996,-17.752554
6,-2.936029,3.0908978
6,-8.634274,-57.797005
5,-29.937935,13.772085
2,15.979337,-5.856117
7,29.984968,35.850456
2,7.1016517,-8.018524
7,33.608723,16.968378
6,-6.1419272,-60.134712
0,-45.874474,-30.724066
7,10.532071,41.24348
7,35.57388,47.82387
7,18.128983,29.704927
4,-12.679702,49.21506
6,-4.775236,-49.27829
0,-55.5422,-21.261673
5,-14.388755,27.352509
3,-26.071898,-12.219466
5,-17.67544,28.232012
7,-13.040836,56.216396
3,-11.925223,-18.151844
7,19.733597,24.440897
3,-11.679084,-18.090754
6,-9.925638,-45.24747
6,-0.20898204,12.523966
3,-23.372923,-1.911482
1,40.68264,-8.795096
7,28.58101,49.701653
6,-1.7091868,-56.334038
5,-24.852703,-21.283403
5,-15.542922,26.404505
7,23.944195,46.870693
6,-2.604155,-57.47073
5,-23.760162,26.987713
6,8.564868,5.7459626
2,-12.693142,-31.020437
1,44.877937,-14.514957
7,34.48889,35.23856
7,11.553938,42.529873
2,23.97167,-16.821188
7,31.400084,27.500076
3,-20.232803,-0.7718862
6,-4.190173,-48.43329
7,21.659853,49.22036
6,2.1747332,9.588834
5,-34.285286,12.634052
3,46.631817,-16.063612
7,2.7526097,31.061575
7,32.05596,44.510128
6,-8.356682,6.341454
4,7.3166885,48.029457
0,-52.662918,-36.337543
7,31.057468,34.65854
3,-9.357371,-8.171823
0,-42.896442,-31.70249
6,-4.937255,-41.45598
3,-12.978161,-18.448782
7,-33.55908,-6.771948
7,33.111076,33.07878
1,30.544233,-29.866549
7,18.114328,29.986322
5,-38.514454,-4.859489
3,-13.430275,-19.596798
6,0.9103805,-51.00878
0,-43.32651,-31.883942
7,1.8879933,59.05183
2,17.29293,-6.2982006
6,-8.575698,-1.6935284
0,-58.765842,-27.508282
7,-16.874,39.403255
1,46.04418,-15.688517
6,-21.851677,-53.719433
0,-57.60083,-32.055824
0,-53.26622,-21.897926
1,44.712326,-14.71412
7,-15.375674,42.411392
0,-57.12787,-33.24707
0,-50.242416,-22.152025
4,7.558204,47.94067
2,24.534,-11.787876
1,45.362995,-16.759733
7,-22.112045,47.081028
0,-41.609386,-31.97967
3,-20.689474,-2.8204536
4,5.4140105,48.43017
4,-21.09671,52.635963
7,32.499046,34.000923
5,-34.841698,17.5546
7,17.918005,30.046787
6,1.2933817,-2.7134545
2,9.420504,-19.941957
0,-54.787426,-20.353134
0,-41.564526,-32.10389
6,-1.8574492,5.4083323
6,-4.166087,-48.431156
2,29.003931,-10.5130005
2,9.251596,-20.031708
7,32.268284,36.865982
6,-5.256383,-49.350525
1,33.661343,-27.856518
2,11.413669,-19.107061
7,0.23040664,37.328598
2,11.981347,-19.078781
6,1.4974366,-45.14266
7,8.696082,41.082615
7,29.755205,42.992805
7,9.6943035,41.41021
5,-27.272163,30.837732
0,-52.847313,-33.4779
6,1.0611963,-44.563637
1,43.556274,-2.282865
5,-34.513695,18.616861
2,-1.0565706,-20.9659
4,-8.604881,53.371105
3,-28.832355,-5.4932656
7,10.476744,30.922682
4,45.702328,8.685287
7,3.864333,36.81771
5,-16.566797,20.064007
6,-23.864857,-51.500183
6,0.037755754,-47.126945
7,-22.407497,45.807514
7,36.541973,35.79169
6,-12.325841,-48.762398
6,10.946857,0.42150497
5,-35.072716,-5.38008
7,21.072672,21.946518
7,29.198687,37.695328
0,-3.4853415,-12.18266
6,-21.019075,-53.259937
1,44.71257,1.0064512
7,-5.47812,36.741264
2,-2.3256009,-20.229053
3,-34.27851,-8.51789
3,-20.216553,4.473013
5,-21.667725,26.41855
4,11.736379,22.470068
3,-25.157175,-1.8418715
5,-13.686164,24.5858
6,5.7725587,14.241032
6,3.9057329,-49.929348
3,-9.683826,-8.067501
7,39.66418,26.195877
2,7.5514674,-12.80342
6,12.447268,6.958678
4,-21.93466,53.28443
7,20.863237,21.570942
5,-20.00277,22.699142
0,-51.12863,-33.989643
2,-11.51632,-32.96573
1,40.34832,-7.8684354
4,-11.177698,46.23655
2,-2.9731746,-19.13649
4,-22.071823,56.18688
3,-29.708317,-9.0530405
1,37.200493,-27.462824
7,35.066578,25.372284
1,28.942793,-33.93088
6,12.1158,7.4211826
0,-43.23281,-19.517143
7,26.842968,17.2144
6,-7.8820014,-52.115047
6,10.224865,7.8728013
1,35.919838,-16.40966
7,25.231245,19.749704
4,-21.263346,52.91568
4,46.793476,7.9701447
7,-9.900857,47.782825
1,38.4059,-2.4153657
6,2.3099742,-3.1296036
7,26.730022,20.593904
6,-21.045916,-55.25958
5,-15.129231,21.306871
5,-25.230843,13.719973
3,-18.15569,-10.477087
3,-18.819927,-4.51907
0,-51.845,-31.522816
1,32.706974,-35.65149
4,45.135548,5.9332438
3,-22.906694,-3.2013686
6,10.7876425,7.7993207
3,-11.67844,-11.263646
4,46.996845,5.617609
2,1.324667,-26.678932
0,-52.44794,-33.93802
7,37.935814,41.889763
5,-13.041352,26.38014
5,-28.582285,8.574508
1,45.20799,-5.7287683
6,-1.9110767,4.280169
5,-16.333376,20.285004
3,-20.516876,-6.8901954
4,12.758162,21.799519
6,-21.728815,-51.4685
0,-54.129585,-34.162666
5,-31.32653,14.70437
7,20.201422,20.965017
2,25.430866,-25.618214
6,-8.222399,-53.326626
6,-21.970753,-50.39957
0,-57.23663,-33.58688
1,37.35174,-11.341792
1,43.588768,-0.51026905
4,-8.221521,40.798737
7,35.2949,29.870478
7,14.247006,29.525629
0,-53.93195,-34.97662
0,-46.220905,-19.799889
6,0.48144853,-47.833767
6,-21.647135,-49.77236
6,12.160804,8.321055
6,-4.8651237,-41.15653
7,23.92547,23.451614
4,-9.762691,49.776825
5,-15.799498,18.75481
2,8.124232,-15.627235
4,46.81557,8.73926
0,43.944523,-18.71644
7,36.081547,28.17122
5,-30.298195,20.007723
6,3.7754734,-49.705635
5,-28.602991,9.706465
0,-52.33151,-32.75705
7,-20.892746,49.328083
6,12.910035,2.6786094
6,-13.979767,-46.156338
1,38.99592,-2.137989
7,-23.844303,44.753532
7,35.814205,28.363573
5,-26.864231,11.955071
7,35.54831,29.43754
5,-38.65138,-3.9870262
1,48.180653,0.21839997
1,32.909145,-25.778847
3,-20.728895,-17.451204
0,-52.86431,-17.007128
2,17.891104,-2.8066897
0,-54.80136,-15.509628
3,-17.945435,-10.6581745
6,-8.618506,7.657902
1,52.008785,2.8862314
6,-16.139168,-41.99171
4,46.69275,8.732015
6,-24.407713,-49.753143
2,-2.5893595,-19.43059
6,-16.69262,-46.90837
4,46.116882,9.002136
6,1.9912626,7.022727
6,9.20388,7.527121
1,30.718739,-33.01335
4,45.021927,5.9219522
4,-9.130584,51.493847
7,20.290676,20.774897
1,30.78275,-30.414082
2,-1.9699931,-20.77501
2,1.5929335,-10.468404
3,-18.78162,-11.357565
7,-7.824825,39.066513
6,-0.42364395,-46.65238
4,27.61061,-29.599152
7,21.04781,25.979399
5,-31.901133,15.84718
6,3.945693,-49.268887
2,5.8819222,-28.11241
3,-21.335825,-16.579039
7,-11.876272,53.99549
2,-2.1859164,-19.245323
6,-16.250261,-49.498363
2,-2.307028,-19.72474
7,24.306744,46.64981
4,9.5729065,20.617018
3,-20.766329,5.9095774
6,-3.4412866,-52.556694
4,-5.8888416,46.54015
7,26.253334,20.106668
7,29.309744,35.158184
0,-53.448063,-34.45941
2,30.453949,-15.252097
2,17.889784,-2.7726033
7,11.831987,44.918076
5,-15.871158,20.775259
4,-13.21188,46.371574
5,-17.150242,19.242256
0,-42.60138,-22.044613
1,44.812138,-1.8609641
4,-12.107715,42.908752
3,-28.484673,0.30793467
6,-16.915977,-46.997242
3,-29.476652,-6.284957
2,3.7566006,-25.260414
7,20.706606,22.145517
7,18.1106,43.939247
5,-14.285255,17.36778
3,-22.246393,-0.2245085
7,36.918987,25.032646
0,-52.34632,-15.943144
7,26.072416,24.116224
5,-27.334312,8.425804
6,13.136515,6.228495
3,-11.8169,-11.761222
2,-2.6669385,-18.780777
0,-55.774433,-14.261491
1,47.24107,1.3297603
6,4.639028,-2.0116773
3,-16.873432,-10.712718
0,-35.09987,-28.794014
1,48.713116,1.7928796
2,23.618734,-15.909617
3,-18.217241,-13.969198
4,-12.356824,51.82379
0,-49.4965,-27.144077
0,-46.977295,-22.066042
1,34.15819,-19.277782
7,-11.555205,59.16003
2,21.731592,-18.19701
7,25.85696,20.855003
3,-24.36837,-16.29047
7,14.482642,28.716854
4,-0.93646723,50.36246
2,31.453287,0.3832935
5,-22.434229,21.166626
6,-7.6309805,3.9683127
6,-2.141996,-46.70411
7,17.918804,43.949116
7,32.911472,39.712147
7,-16.764652,48.652092
6,7.0532136,6.0465503
7,-12.838597,55.000534
7,15.453218,33.860817
2,4.9799705,-23.659212
0,-55.41079,-26.028025
0,-53.029644,-20.397238
1,37.564392,-5.516122
4,-5.6188545,51.75891
2,14.972396,-18.40935
4,-8.190589,52.95366
3,-28.61548,-4.639418
7,-11.524424,51.22338
4,-0.97658604,50.982513
3,-21.372755,-9.647404
5,-19.789198,25.152687
7,26.534283,44.032715
6,-6.3056464,-52.522053
5,-21.668074,26.101124
7,31.936337,38.867
1,34.42761,-27.141157
6,6.1360354,8.458763
6,0.81484765,-59.37403
7,17.115143,33.08029
3,-21.477085,0.38144407
0,-54.947517,-21.40597
4,-17.517471,55.109497
1,41.0115,-11.033427
2,8.274821,-9.094706
2,15.023596,-18.270735
5,-36.70215,15.664672
3,-24.402456,-16.523373
7,35.12295,53.498367
4,1.1187296,49.45742
1,30.907598,-29.073563
7,35.324867,45.23864
7,28.801964,-6.2129774
6,3.846137,3.2330296
1,36.64963,-12.143904
7,17.568348,31.962833
2,6.126546,-12.254211
3,-25.234953,-16.934198
2,20.024187,-0.21514778
4,-1.0003976,49.71537
0,-58.956127,-21.800636
1,40.083603,-10.954329
6,-4.4010906,9.208244
4,6.2167835,29.487614
3,-11.245431,-9.444354
6,-6.9548965,-51.307316
5,-35.667057,-11.633553
6,-1.483135,-46.71387
4,-16.603176,52.656883
7,33.34526,40.225777
7,-35.44963,-15.66987
3,-27.41433,-1.3614752
1,29.992071,-37.606846
3,-26.841412,-0.7586782
0,-54.794147,-32.945156
2,4.3192673,-24.596785
1,36.522728,-7.100171
1,36.57944,-6.807164
0,-41.58332,-15.3174305
7,13.143269,38.14853
7,-7.7510195,45.503426
4,0.8216821,54.908157
6,-3.048367,-41.874187
7,32.89249,39.162205
6,-24.506128,-48.994007
3,-25.202782,-13.279276
5,-26.98128,19.946915
5,-22.099657,21.189758
4,-8.391973,49.29888
4,1.694733,48.908207
6,-13.518223,-46.24295
7,4.9065385,41.082256
1,30.998455,-35.690735
1,35.820477,-8.862943
3,-28.358765,-3.3682096
1,36.57297,-14.319421
1,30.734486,-27.196653
0,-52.274895,-24.888462
5,-34.11148,19.849445
1,36.0883,-7.51404
4,31.126543,-22.515062
4,-1.8719503,35.442375
6,-11.474617,-48.895428
6,-6.2926965,-51.39927
6,-14.044046,-50.135674
0,-49.419888,-23.002
1,29.971756,-30.63183
2,16.85753,-17.481096
0,-43.559772,-29.886337
6,6.4757833,8.766048
2,27.432066,-15.028096
2,6.693738,-21.150227
1,32.508335,-30.944002
1,40.91723,-11.252684
3,-25.773087,-10.884815
7,35.35757,46.597683
7,-1.2983491,42.091022
5,-27.620123,28.738424
3,-12.744658,-9.49006
0,-54.114407,-19.493746
2,-1.8067468,-26.368721
0,-56.953747,-17.459192
6,-10.708745,-52.29285
2,13.425433,-15.693078
7,19.103565,25.546848
0,-57.567017,-18.801455
7,26.381529,40.14284
6,-6.3155212,-52.7493
7,-10.753941,52.58044
7,3.2806587,39.51191
1,37.076794,-11.825516
2,10.6248,-9.815304
7,1.9401088,35.401276
3,-24.473104,-14.300675
4,-0.14335482,44.775497
7,32.69001,40.410824
7,-8.697851,43.387142
6,1.6436211,-46.20256
0,-47.6062,-18.37684
7,3.248424,40.4839
4,-8.505737,40.210953
6,7.1282578,6.141286
7,25.021385,42.127357
7,32.795044,39.320877
7,-8.498793,47.555412
6,6.229388,6.3414454
6,5.1348624,-44.220463
7,4.476695,41.06236
5,-32.93843,-11.792519
2,7.997016,-12.36822
2,19.543419,-6.20832
2,8.1500225,-12.301809
3,-25.378592,0.4959561
7,5.048111,42.309025
6,14.831733,3.3854592
6,11.229687,10.6221
6,-6.460902,0.90412253
6,-0.44914317,-49.346054
4,-0.2804999,44.74547
4,8.257838,30.090946
4,-9.616805,52.024414
4,7.927313,27.388376
2,8.555934,-28.660067
4,8.361934,30.296286
6,-16.796793,-56.20554
0,-52.8199,-17.522034
7,26.992939,38.941715
0,-54.11929,-18.182833
7,1.765091,22.501183
6,3.6811872,6.2835965
2,8.145236,-30.473148
0,-56.219055,-24.663805
6,17.028595,9.967525
6,5.498663,6.6337814
3,-31.864628,-5.1721478
6,-0.8961662,-48.48431
6,-1.9729314,6.142499
6,-7.2055807,-54.33701
6,-22.969074,-51.27485
6,4.6225123,1.6505101
6,-28.120405,-26.486975
5,-18.891304,24.12481
1,29.58834,-33.085712
1,39.38149,-12.0993
6,4.3687296,11.43348
7,34.749214,39.308193
6,-26.559553,3.2019644
3,-18.08422,-15.265124
6,-13.251646,-46.96887
6,8.350109,8.998272
7,-7.927015,45.641426
5,-21.33739,23.728401
0,-42.410107,-17.045694
0,-58.675625,-25.262812
0,-54.313404,-13.792525
3,-18.6328,-15.973956
2,11.411599,-25.542849
6,2.130334,-48.769184
6,-18.4306,-49.068153
7,35.49196,38.68939
6,14.719708,34.51896
3,-18.40282,-16.304033
5,-28.21133,24.69313
1,37.568863,-10.597663
4,-5.793957,43.046177
3,-28.09439,-2.0496829
5,-19.197298,25.362816
7,17.947828,35.199863
4,25.95789,-31.89554
5,-20.255377,21.9241
4,6.534797,-39.87175
1,50.305313,-2.913602
1,32.502415,-25.683474
5,-22.30644,22.736774
4,8.870729,29.290047
0,-56.819454,-26.537796
7,-12.041841,53.796833
7,29.37746,1.103397
1,34.758118,-29.290447
2,9.4268465,-9.365188
5,-13.641402,-0.27485
7,35.51646,45.738075
7,-16.731739,45.903633
4,1.7652799,54.984646
0,-60.20815,-23.12916
3,-9.306957,-12.088877
6,-11.292784,-50.958084
1,41.69559,-10.223552
7,29.195248,-4.3314805
7,35.550453,38.384377
5,-32.15376,17.253504
6,3.1276965,-47.750317
3,-21.917873,-4.849426
0,-50.152943,-23.686447
1,32.00067,-34.228035
1,40.042408,-23.65172
4,-15.781431,51.061554
2,17.805338,-13.887004
4,-11.794739,45.745266
3,-35.497402,-0.082795724
6,-6.1398044,-53.44965
4,-0.58542395,54.35084
7,33.32561,-1.813252
5,-31.392893,15.399886
7,26.222868,41.804066
6,-13.25199,-55.50266
7,-3.44631,37.79538
7,36.15038,51.67222
2,22.554405,-12.478261
6,-1.9183595,5.7976537
4,3.4908783,30.754118
7,-9.102696,47.234474
6,6.133448,-0.2155616
0,-51.261795,-23.30752
7,31.440287,52.21967
1,43.194878,-17.940857
1,51.909973,-0.5660794
2,20.060556,-12.093069
3,-24.2975,-7.8479795
3,-17.248363,37.934273
5,-27.745575,9.437968
4,6.9893966,49.755722
6,-8.027928,-44.258713
5,-21.898176,23.685238
0,-53.44637,-20.459112
6,-7.5278125,-48.76974
3,-26.767159,-14.313594
7,36.85181,50.05716
3,-28.447105,3.5999641
6,0.73955995,12.416178
2,22.051579,-18.352283
7,37.962803,-15.040079
0,-62.231632,-19.68234
0,-43.22417,-25.087507
7,-4.061291,40.7885
1,39.73273,-19.177
2,21.042936,-16.254274
2,20.184235,-11.803969
7,-1.0390904,42.051067
3,-35.566494,-0.4027608
7,-8.80223,46.811157
4,4.3482566,48.683624
6,-21.25249,-51.710716
5,-41.957504,-5.956131
2,20.032694,-0.20691444
6,2.2332087,-45.360847
6,-0.97520494,-42.45027
7,32.998955,33.146046
6,-21.517149,-50.08229
6,9.579475,5.819149
2,15.095828,-18.267607
7,19.50713,26.90123
2,7.8742294,-16.316439
0,-49.285526,-24.646513
6,-13.358958,-40.825047
7,24.073215,41.227386
2,7.476993,-13.138131
6,7.4330163,9.313853
6,-4.052471,-41.40212
7,2.3254755,38.241985
0,-13.365743,-32.906643
7,17.090467,36.712852
6,6.163592,-44.15168
0,-44.88097,-25.656944
3,-27.52165,-13.538537
1,45.72687,-13.932063
1,34.809017,-22.461767
4,0.7411359,51.4204
7,-18.198624,49.76423
5,-29.86191,-20.286308
6,-2.3560236,0.35224515
1,47.94604,-5.9695005
0,-27.453688,45.417423
6,2.0036905,-45.43992
6,-21.649033,-49.600185
7,29.836676,36.66568
2,11.693898,-8.291244
3,-23.234745,-12.162577
4,-6.256994,50.462894
2,0.790047,-25.296886
3,-19.435705,8.471553
7,3.5046911,40.69863
0,-56.428326,-15.831919
0,-48.871758,-25.022594
4,-1.9538264,32.502014
5,-26.700417,-19.798048
0,-59.171776,-24.455885
6,3.4744186,-44.546116
4,-11.117031,50.055256
7,33.698574,32.95612
4,-5.9286137,48.07539
3,-21.864399,-16.719013
1,32.6015,-20.956419
7,13.622912,30.257566
3,-11.573741,-12.178791
7,2.251196,34.151695
7,-14.514683,41.043053
3,-23.549965,-13.235752
1,35.642796,-31.364304
6,1.148264,5.5923557
7,31.828993,33.0808
1,34.87852,-21.78468
7,30.250778,54.21156
2,20.03745,-19.45073
6,9.017136,40.21431
7,2.146303,38.128666
7,-11.939581,43.53682
6,-2.2526815,-45.43209
2,8.35329,-29.622793
7,31.572126,44.21049
2,15.279832,-20.495394
5,-26.442274,-20.3396
0,-52.646816,-34.699574
6,-9.381042,-50.27581
7,23.819273,48.145145
3,-25.451822,2.533965
7,-8.442564,46.17105
5,-39.009495,-4.6118317
7,-8.552914,42.482952
0,-57.522743,-32.59033
6,-11.55417,-2.810433
5,-24.051884,18.007658
6,-8.183655,1.1827753
4,4.601925,48.273678
7,-7.793341,37.264606
0,-44.388195,-25.608608
5,-19.621058,25.117853
3,-15.008535,-18.495897
2,11.652192,-25.99083
4,1.0721613,43.842766
6,-9.481712,7.031757
7,22.665665,39.61338
4,-3.4215841,56.032955
1,35.91739,-9.940124
5,-28.262491,8.307432
4,-2.1035302,53.822426
6,-17.588797,-54.670685
3,-34.661407,-24.71448
7,-8.083418,36.0484
7,32.2818,45.33704
7,-15.103539,43.38332
6,-5.4970984,-46.274277
6,-3.021302,-51.310425
2,20.168148,-12.271093
2,29.054125,-10.460857
1,43.00915,-17.389128
6,-13.043617,-47.172737
5,-23.995226,18.079918
4,2.4201746,29.620691
5,-26.819437,-20.753494
3,-20.877901,-0.2766659
0,-59.385258,-22.60781
5,-32.532146,10.442093
5,-39.907814,-7.6901035
2,11.418478,-8.803465
0,-58.816555,-32.19257
5,-13.741495,-38.65106
6,2.6012962,4.888098
6,-7.819816,8.087314
4,5.671135,47.03498
2,-0.055429395,-17.710339
6,-5.864152,-49.18352
7,13.110295,32.63371
7,31.78621,45.60625
1,35.443745,-32.154194
0,-56.775475,-32.03839
2,8.3731985,-7.0066347
3,-23.53088,-11.694603
1,29.748207,-28.41351
6,1.1754382,5.6664057
7,-10.52646,58.83362
1,36.418476,-25.78373
6,-6.9222007,8.910023
2,18.660934,-21.97616
7,32.234642,-1.150948
2,19.772438,-21.76717
6,-13.954322,-47.90895
3,-22.351358,-5.3211856
2,20.65436,-8.370042
3,-17.45214,-18.586805
7,26.642897,47.26448
6,0.76030356,-45.161957
6,-3.3223698,1.1008562
7,31.670599,46.18529
5,-28.56231,13.707604
3,-21.999763,-7.995205
6,-5.955925,-5.1200466
4,-3.7106695,50.75882
4,-22.110582,49.850994
7,11.412124,39.767853
4,-3.3888054,48.25905
6,-13.734951,-56.272926
4,-18.572283,54.173054
5,-26.561815,-20.383934
5,-26.687052,-22.689922
1,45.01219,-15.19723
1,30.060465,-37.576164
7,3.5917053,38.90224
3,-8.587305,-9.834486
6,5.1988163,4.4605656
6,38.909985,-23.159904
1,46.80441,-10.190058
4,7.8534007,32.762836
1,40.858982,-4.4508224
7,27.444048,35.44517
5,-20.376726,22.904758
4,-4.1684365,38.550938
0,-59.434956,-22.489485
4,-5.7262163,49.711
2,1.303115,-24.57877
7,27.700794,39.514965
7,25.712988,41.889374
5,-37.285824,-9.997036
6,-1.9458276,0.52283454
0,-48.73029,-16.547966
6,-5.7091546,-46.490673
7,-11.779121,51.004726
6,2.3890986,-45.278324
6,-14.088508,-41.071163
6,-3.1255126,6.0497437
7,-3.3738608,45.7142
2,9.010216,-27.400467
0,-39.923256,-25.937086
6,-0.9987737,6.310664
6,-36.60663,-7.6785526
4,-2.2810578,50.52028
6,11.182437,-0.07567867
4,5.839622,49.095505
4,-9.603563,40.979336
2,19.827711,-21.825682
3,-19.585339,-0.2983085
2,18.650766,-21.993425
3,-21.509844,-19.38903
6,0.5929187,10.761276
2,-12.688706,-5.3551087
0,-58.814793,-32.10512
5,-31.021835,-14.202836
0,-46.492176,-27.599451
0,-47.944927,-26.23914
1,36.998974,-10.927966
0,-52.235603,-24.67981
2,8.44398,-25.435389
1,38.496777,-12.835445
3,-23.842777,-7.9042516
3,-23.318235,-5.1764145
4,4.9113665,46.37196
7,30.369175,48.357883
5,-29.400898,11.206484
3,-38.63498,12.909389
6,-13.859133,-51.760887
1,37.764927,-28.01125
7,28.31563,51.940063
6,-14.084099,-41.75569
6,-3.8545363,7.0385785
3,28.875721,41.498337
7,2.689756,35.2905
0,-52.042583,-18.949303
0,-45.193707,-24.357475
7,22.034496,49.855465
1,35.438946,-16.36648
2,8.6155815,-7.233378
2,8.731135,-25.555048
4,0.5043508,52.165092
3,-23.79938,2.6125934
7,36.194645,-5.028132
4,1.9890785,46.435192
1,40.682484,-1.9054123
5,-27.210854,-22.490202
0,-46.052773,-19.39665
6,-16.328796,-54.846607
3,-26.806278,-14.215657
7,28.238878,51.807686
7,17.005644,33.1556
6,-2.2549264,4.688873
7,36.195126,53.74264
7,16.368204,33.136887
5,-26.4781,13.377037
0,-53.27931,-23.243462
1,37.139786,-9.932656
1,42.894424,-10.644785
6,-9.727115,-0.31087184
2,31.696423,37.243664
6,-20.598337,-54.720932
3,-23.560654,5.9431095
3,-20.342043,-1.043366
4,5.465575,55.32771
3,-21.204136,-2.6646812
5,-27.882605,17.64873
3,41.673485,-5.7917757
7,32.931965,48.580944
1,31.340872,-20.754597
6,13.489763,11.907447
1,34.022076,-21.021029
7,12.885952,38.440155
6,-6.095339,-43.259296
6,-7.0490646,7.912534
7,26.03353,34.172626
7,-5.543883,34.338463
7,27.592657,35.855133
5,-39.263256,-8.370908
0,-45.859596,-27.90221
7,28.238892,48.95008
3,-30.780483,-1.4932543
0,-57.54707,-17.546206
6,-20.631731,-47.627136
3,-27.696037,-5.614162
6,3.671036,13.085876
1,35.97236,-18.77783
6,-15.993141,-53.138035
6,-13.357182,-50.906982
1,36.016777,-21.41095
6,-5.704545,7.1995554
6,-16.062618,-42.058746
4,0.5575009,44.701954
6,-19.341747,-48.315098
1,39.291992,-14.8639965
0,-53.52686,-29.858356
7,34.285976,46.068985
1,30.819633,-26.40249
6,-5.234446,-52.194805
4,2.2885995,58.507076
5,-27.308315,17.224468
1,41.715298,-3.9128814
6,-13.876686,-51.8963
7,28.491274,-4.081958
4,10.934178,25.538326
6,-15.600622,-3.8242383
2,7.0385413,-26.22759
5,-34.013706,-14.618039
7,31.895641,47.43127
3,-11.828203,-11.152915
6,5.928615,0.74829024
4,-12.909212,49.184853
1,36.507805,-7.996481
6,-18.44843,-51.343666
3,-23.159437,3.658257
3,-17.574785,-5.792906
4,0.5769295,50.8268
5,-35.760048,13.239557
3,-23.691416,-8.4079485
2,-12.0941105,-3.9066527
4,2.466132,44.54543
5,-33.212128,-12.436078
7,26.315777,46.361702
1,35.198357,-30.007277
2,7.655138,-25.870003
4,-8.443445,50.10426
0,-53.11004,-21.627161
0,-36.920753,-28.328615
5,-31.298714,15.45288
6,9.524315,39.141094
0,-58.272717,-16.011827
6,-15.727478,-50.47715
1,35.513577,-20.543
1,32.56601,-19.697468
7,2.4242992,42.401012
3,-37.35377,1.84673
2,21.403612,-9.133457
1,40.747032,-25.201744
3,-28.051327,-9.300199
4,-17.446207,53.847958
2,12.419848,-26.22178
4,-1.7515551,31.487175
3,-30.671213,0.6727716
4,33.27748,-8.677919
5,-20.92504,-40.61737
6,-2.7769158,-3.6507468
5,-20.91141,-40.600197
6,-12.29581,-41.541836
7,33.97405,53.535378
6,-11.63985,-54.743664
6,-3.7227833,7.922244
7,1.8925105,38.638596
4,4.718026,31.783401
0,-42.39061,-16.994026
7,4.559675,36.93084
4,-3.7272282,-38.935627
7,0.4185817,40.618267
4,-0.6352077,35.102154
7,25.059784,47.808865
4,7.1469164,32.471725
1,34.856262,-28.544735
6,-6.2523413,-43.239265
1,35.797626,-20.342443
3,-31.045382,-0.4546304
7,31.754087,47.670162
3,-28.513912,1.8579806
6,-6.8712597,9.621476
3,-21.953808,-6.5674453
3,-26.40484,-7.5468507
2,20.356056,-12.19226
4,0.14457534,45.5719
4,-23.107328,54.498734
6,-6.996777,7.344221
7,35.990105,29.584723
6,-14.935574,-53.179394
4,-5.658118,51.597023
3,-27.730076,-3.6870801
6,-11.165509,-52.76972
6,-7.2578316,6.724076
7,30.016012,54.395878
0,-45.829746,-24.534655
7,29.881664,48.113384
7,24.364553,34.86337
5,-36.712082,-8.369936
6,-1.371206,-50.29596
5,25.153696,-37.669308
2,3.066281,-27.244835
3,27.659664,-6.918809
0,-57.825836,-16.823708
4,-3.4402673,34.4405
1,33.968716,-28.52802
4,-4.1529922,52.96212
0,-58.06501,-15.731029
5,-34.99575,-17.353806
6,-20.274347,-49.779873
1,30.362597,-29.396793
2,20.966503,-8.389472
6,-13.480339,-45.826736
3,-27.07923,0.119123764
4,-17.624918,53.74163
6,-4.39386,6.8355083
5,-27.488474,14.801997
7,7.144872,40.596546
5,-33.668312,16.014526
0,-50.13031,-23.37833
2,20.173824,-8.808437
7,33.04497,47.355476
5,-28.721106,-18.633245
2,9.675657,-24.130302
7,-13.800545,44.7814
3,-24.542978,2.995234
4,-3.4820178,31.972794
4,12.792679,31.381378
0,-36.07186,-27.84056
5,-27.246864,18.287827
2,15.386507,-26.094372
5,-33.68117,13.679088
5,-35.672905,-11.672252
2,12.661198,-25.18367
7,-16.370016,46.650383
6,-8.016383,6.5230303
3,-8.189689,-11.288217
5,-38.236637,-6.8597484
2,-3.830285,-20.2388
4,0.49190867,45.75604
4,4.976661,53.15036
6,-15.247047,-51.71525
7,-24.850706,45.302998
6,-13.643272,-49.210155
4,-1.8258853,31.12241
6,-15.067434,-51.710175
6,-8.901672,-43.810326
7,26.248857,45.631924
0,-56.570774,-16.557514
7,1.946368,42.22052
6,-12.68565,-48.242256
1,36.153362,-9.66175
6,-12.574809,-1.7281356
6,-7.518745,1.4205904
5,-37.711113,11.854886
2,12.4274845,-26.133318
1,29.755842,-32.197296
1,31.842228,-29.165087
5,-23.441246,26.75672
2,12.41187,-26.130817
0,-46.525806,-17.614592
6,-13.89459,-50.140533
7,-15.908108,48.19651
5,-29.388668,11.476674
2,0.11646787,-21.347143
3,-23.315754,3.6568084
1,30.497972,-34.44139
4,1.0984365,50.701378
1,34.039562,-30.532045
7,27.822876,48.36683
6,-28.139278,-26.39131
7,3.4249625,42.489388
2,21.086721,-9.330798
4,2.3061137,44.52332
6,-27.409977,-33.88919
0,-54.82457,-20.759817
1,38.14579,-25.703949
0,-46.25891,-20.937155
5,-33.83118,-14.603771
5,-39.308723,-8.487791
5,-26.999353,14.05806
7,7.0123725,39.89361
2,10.93469,-9.510319
0,-54.0807,-30.574623
4,-2.0457306,32.9706
1,46.264484,-3.1247978
1,29.76224,-27.161436
2,0.010432266,-24.418709
4,-11.911,42.885525
3,-15.05937,6.579581
0,-53.60687,-15.216543
4,13.61952,23.122063
2,6.6052027,-12.019694
5,-16.599669,23.037687
7,27.824015,50.040413
6,-4.02813,-58.404057
2,15.786976,-18.663132
7,33.675026,26.28454
7,27.167044,36.606308
6,17.590502,9.239041
3,-34.18103,-5.832515
7,23.445879,26.455105
0,-27.392214,45.385147
0,-58.260555,-27.318405
2,10.768291,-28.164297
1,48.65812,3.3647933
1,35.268166,-13.525747
2,-0.75628585,-24.726254
6,11.128553,6.873379
3,-14.634857,5.9539824
4,-22.087101,49.396378
4,13.754975,22.334074
1,36.384777,-27.931633
5,-16.993624,23.724388
7,-8.510146,43.525543
6,0.15801582,-56.873173
1,29.631971,-28.945395
7,35.692844,24.633694
5,-30.86427,-14.031418
6,17.888378,9.025812
7,4.0604253,38.69049
7,25.904501,21.623568
6,2.9375327,-47.26318
0,-56.971443,-27.280582
1,39.642426,-15.202441
1,49.72371,3.8065252
7,18.48761,49.76663
2,-0.7399578,-20.768093
6,-5.825756,3.1999345
3,18.774883,10.459411
7,35.916298,47.57928
7,37.451366,24.718401
6,4.328912,0.74908864
6,17.394854,9.285026
6,7.315983,10.755262
7,26.568653,23.18766
7,31.826763,51.94238
6,-0.2090514,-52.61502
6,9.532233,-0.8092441
2,7.5450068,-22.034042
4,-14.946086,49.958252
7,26.238869,30.446346
4,7.6961613,27.513184
1,47.04795,-4.14157
6,-6.103411,-0.56527704
5,-30.013168,-22.462698
0,-59.83302,-13.742274
6,-6.3654356,-59.236946
7,-2.661568,42.0526
2,3.7079008,-22.083963
6,-4.708114,4.9300117
5,-18.013958,23.864178
2,27.753206,1.5578505
0,-52.50231,-35.1772
0,-54.391247,-25.207764
5,-17.791145,23.66929
4,6.1820717,-39.928032
4,14.537058,23.716063
3,-21.469448,-14.362316
2,1.9650581,-23.309263
1,22.705032,-19.77709
0,-53.583397,-30.452091
5,-34.679153,-6.634962
6,11.65145,5.166701
5,-36.6538,-6.075794
1,49.428818,2.8355963
4,4.1775007,51.158077
7,35.870247,24.582207
2,14.4424715,-17.491888
1,50.670677,4.5118575
4,-14.958278,52.143524
6,17.92981,9.489612
6,1.7175604,-49.345745
3,18.941587,7.872103
4,-21.108452,47.03618
6,-11.752223,23.003698
1,32.56809,13.789937
7,31.810823,25.25312
5,-26.748137,11.6671715
1,45.94264,-3.5899034
3,-28.98731,0.24765933
7,29.763935,30.362835
1,31.32475,-36.624287
7,30.32984,29.939316
7,-5.5655937,34.368633
0,-43.917164,-31.369164
0,-39.92594,-23.527523
1,47.855602,-3.7089164
7,-2.3100786,37.81344
4,10.333663,24.23537
0,-48.34435,-30.715113
4,13.117717,24.915545
6,-8.221719,-2.9979806
4,14.209435,24.167625
6,38.48449,-21.36722
5,-19.152897,20.025166
1,28.222643,-29.233896
7,32.248894,25.129734
1,36.80094,-17.669886
4,23.382446,20.12014
2,-6.133026,-61.299667
4,13.725136,23.748817
4,-7.4078636,50.81459
7,23.302645,30.766958
2,8.081436,-30.837421
7,35.40548,25.21399
3,-11.538855,-9.304915
2,0.43909812,-20.153545
4,-5.8306937,50.6258
6,1.0536536,-55.635918
7,7.03943,43.480003
5,-17.156496,25.344713
1,44.205673,-9.18681
3,-17.528276,-13.155024
2,6.135719,-24.29988
7,24.93227,24.58793
4,-12.77593,42.32637
4,11.514514,24.9989
3,-18.991112,-0.04914713
3,-16.102585,6.209055
6,-13.6696,-46.739914
7,24.12291,24.684317
2,23.62747,-16.087568
0,-57.405262,-27.019852
6,-2.5380464,-52.64862
6,11.724211,8.694855
6,-8.765269,0.83078474
7,33.570786,26.408201
5,-38.49054,-4.837398
6,1.5082725,-54.907543
6,-8.543635,-43.60211
3,-17.039396,6.0099344
6,-9.246526,1.496193
0,-55.800373,-27.338428
4,15.4536085,19.719131
4,13.52703,23.595406
6,-3.0319717,-50.09396
6,-5.259194,-58.20669
7,-6.736447,37.765778
3,-14.720069,5.874642
4,2.3414795,40.906757
7,32.871525,24.511976
7,21.983461,47.902874
0,-47.82457,-29.127842
6,-23.480028,-48.88432
1,45.668743,-2.00027
6,-22.783083,-48.678505
1,49.109135,-5.0370207
6,-18.313255,-50.0285
2,2.7470462,-23.83441
0,-51.56106,-18.634161
7,23.606411,24.902668
7,22.66238,49.70415
3,-14.787606,6.5923185
6,-1.9186014,-54.016354
1,48.238235,0.69324416
3,-23.2753,0.6903917
6,8.790974,0.5418328
2,16.726242,-11.873732
7,24.858715,25.04059
2,2.8091764,-18.542372
6,12.2150135,4.6660266
7,22.872639,45.025993
2,-0.0667907,-20.680687
7,2.4312077,33.792603
5,-19.242233,20.342138
6,0.7092826,-49.670162
2,-0.42128828,-20.540838
2,7.1018505,-22.706419
6,-6.2565513,-60.346775
4,-13.574467,47.81138
7,25.808184,24.555244
7,23.90764,49.552193
6,-7.4808702,-57.92121
3,-28.176558,0.50405115
0,-54.664642,-32.64249
0,-43.24148,-16.221931
5,-29.381937,-23.121881
0,-51.448235,-34.107243
3,-16.171272,6.1677723
1,35.43364,-7.9636846
3,-15.690025,6.6405907
0,-54.67791,-13.49064
6,-8.550465,-59.237743
2,22.53625,-18.068901
3,-16.36215,10.877193
3,-19.070417,-4.3414
5,-17.944588,23.174143
0,-40.253826,-27.767271
0,-52.96014,-31.880749
7,36.15972,46.99528
3,-16.288883,-14.96948
4,-3.6119177,31.920986
7,34.55109,25.306776
5,-28.997976,10.349567
6,-7.3135786,-57.429104
4,-1.7866516,31.510433
1,49.323593,2.954765
4,-16.377028,52.78495
5,-14.917968,21.553698
2,27.410759,-13.313691
5,-17.259098,24.992506
1,38.237095,-7.3730817
7,26.76644,22.788603
5,-39.980927,-7.491525
6,17.706324,9.227502
6,-4.04997,-39.963257
0,-52.768303,-35.53149
7,31.954582,51.530304
7,27.06224,20.968712
4,5.0591035,47.968285
0,-46.356667,-28.363195
7,-4.268164,41.715107
1,40.084873,-4.9980845
3,-10.749742,-9.2362
2,4.97401,-21.699085
5,-34.534325,18.705254
3,-29.960773,0.87295145
3,-27.961454,-1.6383852
4,-1.5266752,50.070717
6,-16.059477,-56.785538
5,-42.216747,-4.4838033
1,35.87887,-16.019585
6,-13.185572,-52.19569
7,21.095984,50.47714
7,40.31699,36.385056
7,39.65023,24.77693
6,0.04038922,1.4001024
4,4.349935,26.621363
7,15.323226,47.65633
3,29.859621,-6.7317924
0,-49.792553,-28.120186
0,-42.414337,-23.246826
1,45.102634,-2.901729
0,-41.92813,-26.914328
2,4.8331966,-23.174822
0,-43.82783,-19.865648
3,-27.797764,-7.4793115
6,-28.72953,47.146774
4,-1.5967956,49.95978
6,-0.64356107,-42.47262
7,33.733807,30.960989
5,-41.414913,-7.2606783
6,3.011275,-0.62070805
1,29.782143,-29.101263
7,21.01619,25.230244
4,-11.510133,48.55788
0,-53.9883,-29.096611
6,-0.13175441,8.167491
1,45.010975,-8.582631
7,0.23783402,27.927734
2,8.2820635,-20.214718
6,-8.16679,-44.57731
3,-28.029558,-5.449444
1,46.09416,1.7647082
5,-42.04084,-5.275049
0,-52.185738,-16.80526
6,-7.1971927,-55.441254
4,-1.5427465,56.630722
7,32.466274,13.974606
6,4.939197,7.2774663
6,6.738549,-1.2711093
7,31.828932,53.173656
7,23.60299,26.512802
6,-24.32324,-53.874744
0,-40.69145,-26.298203
1,32.423756,-32.986584
0,-48.811394,-27.898512
7,27.245705,-2.223402
1,43.51281,-10.280465
5,-32.685646,10.56331
0,-53.87517,-29.942364
5,-17.87646,1.7102842
1,37.39086,-8.215688
0,-47.179092,-24.700064
2,5.6263366,-19.182089
2,10.226105,-9.8019085
3,-30.230171,-6.906527
6,-9.646964,-1.3030661
0,-53.846706,-28.315977
1,31.04907,-26.828478
6,-1.8889971,-50.35132
3,-27.04471,-11.496039
7,13.11915,38.265434
7,38.322926,6.5073457
6,-6.2516065,-56.186813
6,-47.65093,-10.381543
6,-0.8875235,-54.1729
6,-10.594472,-48.97308
5,-12.405753,26.45993
7,-15.213579,43.520893
2,8.978692,-23.60026
0,-49.27515,-19.554781
7,17.263771,36.45807
6,-7.1337724,-42.115105
1,39.393,-7.918664
5,-20.430218,20.373466
4,5.860198,28.216082
2,37.011948,43.29856
7,21.78161,28.600445
7,35.49544,51.483738
5,-16.791521,16.75082
3,-37.3688,1.9024631
7,34.714622,32.984726
1,30.773106,-35.01444
5,-27.50936,18.903643
6,-10.037507,-45.257862
6,-15.65337,-55.084324
7,28.139114,43.20894
7,36.9086,51.63827
3,-34.59603,-8.333055
3,-14.989723,-14.498791
6,-3.2672558,-50.231953
1,41.0117,-2.2551553
2,13.764222,-20.64312
4,2.0017514,46.454185
7,26.59794,37.704964
1,45.234497,-6.297249
6,9.384665,7.832438
3,-18.963747,5.9495173
2,2.96214,-26.25222
3,-24.014257,-15.528089
6,-11.974708,-0.85888535
7,29.214659,34.054623
5,-31.032562,9.909291
3,-18.339872,-12.4824095
7,20.976782,-20.066122
7,24.361612,27.598036
6,-8.749286,1.3246566
6,3.0729864,1.4730191
6,-23.282671,-51.36698
6,-0.3166288,-1.8314855
6,-13.41226,-2.2111216
6,0.075043686,1.4096751
2,20.189142,-6.8445983
6,5.7873745,1.1085544
4,2.973879,49.40524
6,-1.1577843,0.047265694
1,30.606365,-33.68485
4,6.240335,33.192852
5,-27.676126,28.620827
7,34.351902,31.932772
1,35.76817,-13.336697
2,17.11215,-15.659269
2,16.816244,-23.784056
1,44.8987,-4.7113123
7,-15.853457,45.330822
7,12.108463,44.34767
5,-31.984394,-13.734836
6,5.1415076,10.667385
2,1.8693362,-20.459673
7,31.7778,28.158735
7,-18.744701,50.54871
7,22.61698,24.08829
7,26.64667,51.97907
3,-19.838623,-13.010571
7,-10.31327,44.743923
3,-11.268946,-20.714602
1,30.59622,-28.471565
0,-48.16807,-28.40538
6,-9.66419,-41.76957
7,33.80099,31.77042
7,-6.277418,36.65539
5,-12.7869835,26.414316
2,27.510164,-3.5347724
4,6.554311,31.081522
1,32.40941,-28.121098
1,44.0514,-3.2830698
0,-36.390377,-27.063906
1,42.90194,-3.7720032
3,22.417494,44.645897
2,13.514171,-21.053822
7,-7.6907606,40.209766
6,-6.3578486,-55.276173
4,5.5474496,33.76175
1,40.48498,-8.594934
3,-37.87201,15.693265
5,-28.741737,17.53923
7,29.408583,15.376205
0,-61.835403,-22.037794
1,33.141655,-32.335964
1,33.13743,-34.814632
4,-21.903748,54.707165
2,15.880528,-25.777218
3,-28.590456,-14.245715
3,-32.16576,2.758727
0,-58.969288,-15.764564
4,-20.263044,55.695488
2,21.260061,-18.758638
5,-27.97722,23.935432
3,-33.164604,4.409425
6,-22.485497,-53.97972
4,-1.3486648,43.771873
7,36.159153,52.139816
5,-25.601416,-13.530622
0,-59.342133,-16.308962
0,-50.273693,-15.507258
1,28.249834,-32.71367
2,-3.6192956,-27.989164
2,8.938686,-28.053532
7,30.20443,51.41396
3,-34.43003,-7.824622
7,24.849445,42.09715
4,-7.0600114,50.266434
7,36.736107,31.678904
5,-27.91514,24.073956
6,-1.2314612,-43.383053
6,-13.271068,-52.497356
5,-28.604261,-14.607406
7,36.712166,51.159092
3,-34.511093,-2.8860004
6,-30.907051,13.148751
1,33.771248,-22.590073
7,-9.792839,55.721024
7,-7.313137,37.87111
0,-26.768023,45.42323
7,22.752562,45.250996
1,38.86445,-25.402254
6,10.734951,-1.3564802
2,16.675503,-23.825785
0,-47.00752,-23.531908
3,-32.852932,-4.995477
4,-11.655034,42.602646
4,-20.39826,55.862827
3,-28.09867,7.3386436
5,-20.54037,26.530518
1,28.833632,-33.481915
6,-16.110416,-53.29334
7,27.340643,45.114395
7,7.144165,44.06738
5,-15.723639,-3.7932796
6,-37.674343,-0.4383919
0,-60.845192,-22.850521
2,8.746621,-26.516144
1,44.852596,-10.5625725
6,-15.164897,-53.447456
3,-22.381662,-2.5664947
7,-9.600864,55.819717
3,-26.055346,-4.29062
6,-13.251748,-52.82198
2,38.75077,-0.5789945
1,37.720936,-13.253901
2,31.714506,-37.42291
7,13.819621,41.47556
1,36.819885,-20.010704
7,14.375701,40.453804
3,-33.600754,-4.959396
7,19.778772,29.899885
7,-27.463215,50.437008
4,5.336529,55.106083
4,-3.3460195,38.97665
4,5.6367035,57.941006
2,27.668169,-15.038859
3,-7.928916,-36.00612
7,-10.780413,54.519085
6,-7.111794,2.144168
0,-46.329258,-20.521395
1,42.963543,-13.935486
4,-12.11992,47.431057
4,4.2224326,51.33666
6,3.836888,12.908637
1,50.45985,1.2269783
2,15.544651,-20.584812
2,-0.22044465,-22.08598
7,38.273106,38.653706
7,-9.983618,55.777744
3,-28.598251,-7.0506063
0,-11.031293,25.098354
3,-20.586422,-2.8026016
4,-1.472069,56.53968
3,-27.485819,-4.4278517
7,7.449226,42.648106
6,-19.949682,-52.109184
1,47.318825,3.4366224
2,9.624875,-13.922065
7,25.075287,47.10341
0,-42.188274,-22.159456
4,5.453601,51.78985
6,-19.056051,-52.126812
4,-5.733979,53.68144
1,26.724342,-36.43361
1,40.231304,-3.939073
4,-1.13229,43.889076
6,-40.905952,-10.623934
3,-8.831602,-11.362605
7,34.87534,49.939495
6,-16.210085,-56.295017
6,-10.768113,-58.775436
2,25.425825,-25.621172
0,-61.502373,-22.974546
2,17.482658,-22.63765
6,6.374803,9.020422
6,-1.6411752,19.84619
1,45.825268,-14.070037
7,30.459385,-3.3047533
6,-45.818523,-9.723927
2,11.711967,-23.914469
2,-0.87490946,-17.44251
7,34.31513,33.71175
6,-7.4402447,-56.8678
6,-18.386488,-53.002937
2,12.4569,-24.30637
7,20.369478,44.32183
1,52.471397,-0.916889
0,-49.396576,-18.815666
2,0.58942276,-26.760025
4,11.527747,48.946438
5,-20.522505,26.242567
1,29.4664,-24.31279
4,5.8792233,57.64961
7,0.98108244,32.216362
5,-25.668043,23.43298
6,-24.28472,-53.906853
6,-0.23289314,-57.880127
0,-49.239388,-19.055286
7,33.954754,43.562843
2,8.601105,-11.956863
7,37.754307,36.844154
5,-29.219193,17.895943
5,-21.790783,25.746922
1,36.337177,-9.343036
3,-25.99785,-4.399008
1,36.720886,-23.293024
0,-57.728542,-31.004053
4,-13.3411665,50.610928
2,-0.27373567,-17.704967
1,37.574524,-24.781477
2,0.3618783,-26.097717
1,37.852276,-9.630849
2,-1.7130327,-19.343882
6,-27.222668,46.898075
7,37.007973,46.439903
0,-55.903,-14.474295
3,-30.210112,-6.2904706
6,-3.9453921,-40.11411
5,-27.319242,15.339214
3,-30.728527,-5.5727158
2,1.0061808,-26.284435
4,6.2982035,22.504448
1,42.22444,-14.92869
0,-47.17309,-19.735266
4,-0.5418655,56.332973
2,-6.0306864,-27.662167
4,14.97205,21.92102
1,38.324585,-17.552658
3,-29.45243,-1.0945576
4,-3.495692,35.484154
0,-61.29238,-22.134716
6,-1.3417536,-46.866608
0,-61.308365,-22.125355
5,-37.060577,16.76667
6,-20.861105,27.132961
4,-2.4498389,34.536213
7,29.617079,35.553608
0,-36.246502,-28.263563
3,-21.244806,6.0874815
1,32.833042,-20.661318
1,41.71707,-3.6368778
2,28.212332,-11.24314
7,31.956293,36.626556
6,-9.500622,-42.15328
7,8.277407,42.216286
5,-28.10055,14.328265
6,-0.5199658,-56.705647
0,-45.68947,-24.6144
3,-29.497242,-7.5388093
5,-33.04762,16.189253
3,-24.462673,5.564643
1,29.515732,-34.947132
0,-55.32558,-32.3052
1,35.589745,-27.176888
5,-41.858173,-7.0676565
4,-13.122896,49.24101
6,-0.18826598,-58.12099
7,27.279167,25.047384
6,0.5671337,-58.888878
3,-21.95754,0.59653485
6,-29.827097,13.167394
5,-9.5630245,-40.829815
7,34.00301,30.17214
6,2.407933,-49.01618
3,-23.33094,-0.020240746
1,38.433308,-5.891287
5,-30.215061,-13.568655
7,-27.50378,50.42027
0,-52.396423,-27.670834
2,13.520555,-15.783747
1,37.208458,-8.937376
1,33.333263,-18.468494
2,6.8104906,-22.970833
6,-8.600162,2.442424
3,-24.913233,-5.1540017
6,-46.039722,-9.883099
4,8.4689245,26.913906
0,-48.74682,-29.226713
5,-15.278124,17.368147
5,-28.92189,21.49442
6,0.4916465,-52.42364
5,-28.157112,14.840595
7,31.971266,28.802063
7,32.302185,51.97609
6,-3.9316294,3.1342745
0,-61.552948,-21.381607
7,25.190804,30.467783
6,-2.855366,-41.290707
0,-46.03705,-29.15122
7,32.008324,35.484436
1,39.72822,-12.080166
6,-25.45286,9.696291
2,6.8889675,-26.250929
3,-3.8086581,-1.7874527
3,-20.436314,4.11055
4,-17.821817,55.197777
4,10.950184,23.403913
3,-23.051653,-6.189851
5,-15.0273,19.883963
5,-34.675312,-15.42551
6,-8.397413,-55.075848
5,-30.812296,9.870294
7,32.174427,28.830276
1,35.26145,-29.718718
6,0.025003739,-2.2005734
6,-10.562155,-0.7533457
7,22.03363,28.656172
0,-44.621952,-18.53204
0,-49.290554,-30.6811
2,19.188967,-18.732527
1,49.076977,-3.5518525
6,-12.161334,-50.153492
2,6.3089724,-19.29546
7,35.59953,-11.386479
3,-20.415174,4.5513353
7,25.18667,46.781742
4,12.491902,22.23728
7,31.173218,52.587498
7,33.229687,30.099928
7,32.833553,22.91683
6,0.14472185,-2.2804682
1,35.73305,-13.497474
7,17.817291,26.400896
4,-5.010354,45.40493
6,33.86293,-3.6623926
6,-14.0883045,-48.694824
5,-28.821226,15.050476
1,38.29591,-2.9783227
7,26.645226,34.583206
0,-49.144405,-22.166159
7,23.89965,23.024038
1,31.585535,-32.74852
5,-15.640003,16.386923
